{"cameraMode":{"drawMode":0,"name":"Shaded","section":"Shading Mode"},"sceneLighting":true,"audioPlay":false,"sceneViewState":{"showFog":true,"showMaterialUpdate":false,"showSkybox":true,"showFlares":true,"showImageEffects":true,"showParticleSystems":true,"showVisualEffectGraphs":true,"m_FxEnabled":true},"in2DMode":false,"pivot":{"x":1.918135166168213,"y":-0.5582437515258789,"z":-4.44700813293457},"rotation":{"x":0.20699246227741242,"y":0.0014675261918455363,"z":-0.00031049377867020667,"w":0.9783411026000977},"size":9.975262641906739,"orthographic":false}