{"cameraMode":{"drawMode":0,"name":"Shaded","section":"Shading Mode"},"sceneLighting":false,"audioPlay":false,"sceneViewState":{"m_AlwaysRefresh":false,"showFog":true,"showSkybox":false,"showFlares":true,"showImageEffects":true,"showParticleSystems":true,"showVisualEffectGraphs":true,"m_FxEnabled":true},"in2DMode":false,"pivot":{"x":-4.962170124053955,"y":1.0596439838409424,"z":0.007213115692138672},"rotation":{"x":0.33608388900756838,"y":0.6134992241859436,"z":-0.32361656427383425,"w":0.6371374726295471},"size":5.122156620025635,"orthographic":false}